<?xml version="1.0"?>
<doc>
    <assembly>
        <name>InfragisticsWPF4.Controls.Interactions.XamDialogWindow.v15.1</name>
    </assembly>
    <members>
        <member name="T:Infragistics.AutomationPeers.XamDialogWindowAutomationPeer">
            <summary>
            Exposes <see cref="T:Infragistics.Controls.Interactions.XamDialogWindow"/> types to UI
            automation.
            </summary>
        </member>
        <member name="M:Infragistics.AutomationPeers.XamDialogWindowAutomationPeer.#ctor(Infragistics.Controls.Interactions.XamDialogWindow)">
            <summary>
            Initializes a new instance of the <see cref="T:Infragistics.AutomationPeers.XamDialogWindowAutomationPeer"/> class.
            </summary>
            <param name="owner">The owner.</param>
        </member>
        <member name="M:Infragistics.AutomationPeers.XamDialogWindowAutomationPeer.RaiseWindowVisualStatePropertyChangedEvent(System.Windows.Automation.WindowVisualState,System.Windows.Automation.WindowVisualState)">
            <summary>
            Raises the window VisualStatePropertyChangedEvent.
            </summary>
            <param name="oldValue">The old value.</param>
            <param name="newValue">The new value.</param>
        </member>
        <member name="M:Infragistics.AutomationPeers.XamDialogWindowAutomationPeer.GetAutomationControlTypeCore">
            <summary>
            Returns the control type for the <see cref="T:System.Windows.UIElement"/> that is associated with this <see cref="T:System.Windows.Automation.Peers.FrameworkElementAutomationPeer"/>. This method is called by <see cref="M:System.Windows.Automation.Peers.AutomationPeer.GetAutomationControlType"/>.
            </summary>
            <returns>A value of the enumeration.</returns>
        </member>
        <member name="M:Infragistics.AutomationPeers.XamDialogWindowAutomationPeer.GetPattern(System.Windows.Automation.Peers.PatternInterface)">
            <summary>
            Returns the control pattern for the <see cref="T:System.Windows.UIElement"/> that is associated with this <see cref="T:System.Windows.Automation.Peers.FrameworkElementAutomationPeer"/>.
            </summary>
            <param name="patternInterface">One of the enumeration values.</param>
            <returns>See Remarks.</returns>
        </member>
        <member name="M:Infragistics.AutomationPeers.XamDialogWindowAutomationPeer.GetClassNameCore">
            <summary>
            Returns the name of the <see cref="T:System.Windows.UIElement"/> that is associated with this <see cref="T:System.Windows.Automation.Peers.FrameworkElementAutomationPeer"/>. This method is called by <see cref="M:System.Windows.Automation.Peers.AutomationPeer.GetClassName"/>.
            </summary>
            <returns>
            The name of the owner type that is associated with this <see cref="T:System.Windows.Automation.Peers.FrameworkElementAutomationPeer"/>. See Remarks.
            </returns>
        </member>
        <member name="M:Infragistics.AutomationPeers.XamDialogWindowAutomationPeer.GetNameCore">
            <summary>
            Returns the text label of the <see cref="T:System.Windows.FrameworkElement"/> that is associated with this <see cref="T:System.Windows.Automation.Peers.FrameworkElementAutomationPeer"/>. This method is called by <see cref="M:System.Windows.Automation.Peers.AutomationPeer.GetName"/>.
            </summary>
            <returns>
            The text label of the element that is associated with this automation peer.
            </returns>
        </member>
        <member name="M:Infragistics.AutomationPeers.XamDialogWindowAutomationPeer.OwningDialogWindow_IsActiveChanged(System.Object,System.EventArgs)">
            <summary>
            Handles the IsActiveChanged event of the OwningDialogWindow property as XamDialogWindow.
            </summary>
            <param name="sender">The source of the event.</param>
            <param name="e">The <see cref="T:System.EventArgs"/> instance containing the event data.</param>
        </member>
        <member name="M:Infragistics.AutomationPeers.XamDialogWindowAutomationPeer.OwningDialogWindow_PropertyChanged(System.Object,System.ComponentModel.PropertyChangedEventArgs)">
            <summary>
            Handles the PropertyChanged event of the OwningDialogWindow property as XamDialogWindow control.
            </summary>
            <param name="sender">The source of the event.</param>
            <param name="e">The <see cref="T:System.ComponentModel.PropertyChangedEventArgs"/> instance containing the event data.</param>
        </member>
        <member name="M:Infragistics.AutomationPeers.XamDialogWindowAutomationPeer.OwningDialogWindow_WindowStateChanged(System.Object,Infragistics.Controls.Interactions.WindowStateChangedEventArgs)">
            <summary>
            Handles the WindowStateChanged event of the OwningDialogWindow property as XamDialogWindow.
            </summary>
            <param name="sender">The source of the event.</param>
            <param name="e">The <see cref="T:Infragistics.Controls.Interactions.WindowStateChangedEventArgs"/> instance containing the event data.</param>
        </member>
        <member name="M:Infragistics.AutomationPeers.XamDialogWindowAutomationPeer.GetBoundingRectangleCore">
            <summary>
            Gets the <see cref="T:System.Windows.Rect"/> that represents the bounds of the control.
            </summary>
            <returns></returns>
        </member>
        <member name="M:Infragistics.AutomationPeers.XamDialogWindowAutomationPeer.Move(System.Double,System.Double)">
            <summary>
            Moves the control.
            </summary>
            <param name="x">The absolute screen coordinates of the left side of the control.</param>
            <param name="y">The absolute screen coordinates of the top of the control.</param>
        </member>
        <member name="M:Infragistics.AutomationPeers.XamDialogWindowAutomationPeer.Resize(System.Double,System.Double)">
            <summary>
            Resizes the control.
            </summary>
            <param name="width">The new width of the window, in pixels.</param>
            <param name="height">The new height of the window, in pixels.</param>
        </member>
        <member name="M:Infragistics.AutomationPeers.XamDialogWindowAutomationPeer.Rotate(System.Double)">
            <summary>
            Rotates the control.
            </summary>
            <param name="degrees">The number of degrees to rotate the control. A positive number rotates the control clockwise. A negative number rotates the control counterclockwise.</param>
        </member>
        <member name="M:Infragistics.AutomationPeers.XamDialogWindowAutomationPeer.Close">
            <summary>
            Closes the window.
            </summary>
        </member>
        <member name="M:Infragistics.AutomationPeers.XamDialogWindowAutomationPeer.SetVisualState(System.Windows.Automation.WindowVisualState)">
            <summary>
            Changes the visual state of the window (such as minimizing or maximizing it).
            </summary>
            <param name="state">The visual state of the window to change to, as a value of the enumeration.</param>
        </member>
        <member name="M:Infragistics.AutomationPeers.XamDialogWindowAutomationPeer.WaitForInputIdle(System.Int32)">
            <summary>
            Blocks the calling code for the specified time or until the associated process enters an idle state, whichever completes first.
            </summary>
            <param name="milliseconds">The amount of time, in milliseconds, to wait for the associated process to become idle.</param>
            <returns>
            true if the window has entered the idle state; false if the timeout occurred.
            </returns>
        </member>
        <member name="P:Infragistics.AutomationPeers.XamDialogWindowAutomationPeer.CanMove">
            <summary>
            Gets a value indicating whether the element can be moved.
            </summary>
            <value></value>
            <returns>true if the element can be moved; otherwise, false. </returns>
        </member>
        <member name="P:Infragistics.AutomationPeers.XamDialogWindowAutomationPeer.CanResize">
            <summary>
            Gets a value indicating whether the element can be resized.
            </summary>
            <value></value>
            <returns>true if the element can be resized; otherwise, false. </returns>
        </member>
        <member name="P:Infragistics.AutomationPeers.XamDialogWindowAutomationPeer.CanRotate">
            <summary>
            Gets a value indicating whether the element can be rotated.
            </summary>
            <value></value>
            <returns>true if the element can be rotated; otherwise, false.</returns>
        </member>
        <member name="P:Infragistics.AutomationPeers.XamDialogWindowAutomationPeer.InteractionState">
            <summary>
            Gets the interaction state of the window.
            </summary>
            <value></value>
            <returns>The interaction state of the control, as a value of the enumeration. </returns>
        </member>
        <member name="P:Infragistics.AutomationPeers.XamDialogWindowAutomationPeer.IsModal">
            <summary>
            Gets a value indicating whether the window is modal.
            </summary>
            <value></value>
            <returns>true if the window is modal; otherwise, false.</returns>
        </member>
        <member name="P:Infragistics.AutomationPeers.XamDialogWindowAutomationPeer.IsTopmost">
            <summary>
            Gets a value indicating whether the window is the topmost element in the z-order of layout.
            </summary>
            <value></value>
            <returns>true if the window is topmost; otherwise, false.</returns>
        </member>
        <member name="P:Infragistics.AutomationPeers.XamDialogWindowAutomationPeer.Maximizable">
            <summary>
            Gets a value indicating whether the window can be maximized.
            </summary>
            <value></value>
            <returns>true if the window can be maximized; otherwise, false.</returns>
        </member>
        <member name="P:Infragistics.AutomationPeers.XamDialogWindowAutomationPeer.Minimizable">
            <summary>
            Gets a value indicating whether the window can be minimized.
            </summary>
            <value></value>
            <returns>true if the window can be minimized; otherwise, false.</returns>
        </member>
        <member name="P:Infragistics.AutomationPeers.XamDialogWindowAutomationPeer.VisualState">
            <summary>
            Gets the visual state of the window.
            </summary>
            <value></value>
            <returns>The visual state of the window, as a value of the enumeration. </returns>
        </member>
        <member name="T:Infragistics.Controls.Interactions.Clip">
            <summary>
            Clip class is used to clip content of the XamDialogWindow, 
            when there is a Canvas inside it
            </summary>
        </member>
        <member name="M:Infragistics.Controls.Interactions.Clip.GetToBounds(System.Windows.DependencyObject)">
            <summary>
            Gets to bounds.
            </summary>
            <param name="obj">The depependency obj.</param>
            <returns></returns>
        </member>
        <member name="M:Infragistics.Controls.Interactions.Clip.SetToBounds(System.Windows.DependencyObject,System.Boolean)">
            <summary>
            Sets to bounds.
            </summary>
            <param name="obj">The DependencyObject obj.</param>
            <param name="clipToBounds">if set to <c>true</c> [clip to bounds].</param>
        </member>
        <member name="F:Infragistics.Controls.Interactions.Clip.ToBoundsProperty">
            <summary>
            Identifies ToBounds property
            </summary>
        </member>
        <member name="M:Infragistics.Controls.Interactions.Clip.ClipToBounds(System.Windows.FrameworkElement)">
            <summary>
            Creates a rectangular clipping geometry which matches the geometry of the
            passed element
            </summary>
        </member>
        <member name="T:Infragistics.Controls.Interactions.CustomCursors">
            <summary>
            CustomCursors class contains members, related with custom cursors for 
            </summary>
        </member>
        <member name="F:Infragistics.Controls.Interactions.CustomCursors.DiagonalResizeCursorProperty">
            <summary>
            Identifies the <see cref="P:Infragistics.Controls.Interactions.CustomCursors.DiagonalResizeCursor"/> dependency property. 
            </summary>
        </member>
        <member name="F:Infragistics.Controls.Interactions.CustomCursors.HorizontalResizeCursorProperty">
            <summary>
            Identifies the <see cref="P:Infragistics.Controls.Interactions.CustomCursors.HorizontalResizeCursor"/> dependency property. 
            </summary>
        </member>
        <member name="F:Infragistics.Controls.Interactions.CustomCursors.RightDiagonalResizeCursorProperty">
            <summary>
            Identifies the <see cref="P:Infragistics.Controls.Interactions.CustomCursors.RightDiagonalResizeCursor"/> dependency property. 
            </summary>
        </member>
        <member name="F:Infragistics.Controls.Interactions.CustomCursors.VerticalResizeCursorProperty">
            <summary>
            Identifies the <see cref="P:Infragistics.Controls.Interactions.CustomCursors.VerticalResizeCursor"/> dependency property. 
            </summary>
        </member>
        <member name="P:Infragistics.Controls.Interactions.CustomCursors.DiagonalResizeCursor">
            <summary>
            Gets or sets the horizontal resize cursor.
            </summary>
            <value>The horizontal resize cursor.</value>
        </member>
        <member name="P:Infragistics.Controls.Interactions.CustomCursors.HorizontalResizeCursor">
            <summary>
            Gets or sets the horizontal resize cursor.
            </summary>
            <value>The horizontal resize cursor.</value>
        </member>
        <member name="P:Infragistics.Controls.Interactions.CustomCursors.RightDiagonalResizeCursor">
            <summary>
            Gets or sets the horizontal resize cursor.
            </summary>
            <value>The horizontal resize cursor.</value>
        </member>
        <member name="P:Infragistics.Controls.Interactions.CustomCursors.VerticalResizeCursor">
            <summary>
            Gets or sets the vertical resize cursor.
            </summary>
            <value>The vertical resize cursor.</value>
        </member>
        <member name="T:Infragistics.Controls.Interactions.DesignerProperties">
            <summary>
            Provides a custom implementation of DesignerProperties.GetIsInDesignMode
            to work around an issue.
            </summary>
        </member>
        <member name="M:Infragistics.Controls.Interactions.DesignerProperties.GetIsInDesignMode(System.Windows.DependencyObject)">
            <summary>
            Returns whether the control is in design mode (running under Blend
            or Visual Studio).
            </summary>
            <param name="element">The element from which the property value is
            read.</param>
            <returns>True if in design mode.</returns>
        </member>
        <member name="F:Infragistics.Controls.Interactions.DesignerProperties._isInDesignMode">
            <summary>
            Stores the computed InDesignMode value.
            </summary>
        </member>
        <member name="T:Infragistics.Controls.Interactions.XamDialogWindow">
            <summary>
            A control that provides windowing like behavior to display custom content. 
            </summary>
        </member>
        <member name="M:Infragistics.Controls.Interactions.XamDialogWindow.#ctor">
            <summary>
            Initializes a new instance of the <see cref="T:Infragistics.Controls.Interactions.XamDialogWindow"/> class.
            </summary>
        </member>
        <member name="M:Infragistics.Controls.Interactions.XamDialogWindow.#cctor">
            <summary>
            Static constructor for the <see cref="T:Infragistics.Controls.Interactions.XamDialogWindow"/> class.
            </summary>
        </member>
        <member name="M:Infragistics.Controls.Interactions.XamDialogWindow.OnApplyTemplate">
            <summary>
            When the template is applied, this loads all the template parts.
            </summary>
        </member>
        <member name="M:Infragistics.Controls.Interactions.XamDialogWindow.OnCreateAutomationPeer">
            <summary>
            When implemented in a derived class, returns class-specific <see cref="T:System.Windows.Automation.Peers.AutomationPeer"/> implementations for the automation infrastructure.
            </summary>
            <returns>
            The class-specific <see cref="T:System.Windows.Automation.Peers.AutomationPeer"/> subclass to return.
            </returns>
        </member>
        <member name="M:Infragistics.Controls.Interactions.XamDialogWindow.OnKeyDown(System.Windows.Input.KeyEventArgs)">
            <summary>
            Overrides the framework invocation when a user presses a key.
            </summary>
            <param name="e">Data about the keydown event.</param>
        </member>
        <member name="M:Infragistics.Controls.Interactions.XamDialogWindow.ArrangeOverride(System.Windows.Size)">
            <summary>
            Called to arrange and size the content of a <see cref="T:System.Windows.Controls.Control"/> object.
            </summary>
            <param name="arrangeBounds">The computed size that is used to arrange the content.</param>
            <returns>The size of the control.</returns>
        </member>
        <member name="F:Infragistics.Controls.Interactions.XamDialogWindow.CloseButtonVisibilityProperty">
            <summary>
            Identifies the <see cref="P:Infragistics.Controls.Interactions.XamDialogWindow.CloseButtonVisibility"/> dependency property.
            </summary>
        </member>
        <member name="F:Infragistics.Controls.Interactions.XamDialogWindow.MaximizeButtonVisibilityProperty">
            <summary>
            Identifies the <see cref="P:Infragistics.Controls.Interactions.XamDialogWindow.MaximizeButtonVisibility"/> dependency property. 
            </summary>
        </member>
        <member name="F:Infragistics.Controls.Interactions.XamDialogWindow.MinimizeButtonVisibilityProperty">
            <summary>
            Identifies the <see cref="P:Infragistics.Controls.Interactions.XamDialogWindow.MinimizeButtonVisibility"/> dependency property. 
            </summary>
        </member>
        <member name="F:Infragistics.Controls.Interactions.XamDialogWindow.IsActiveProperty">
            <summary>
            Identifies the <see cref="P:Infragistics.Controls.Interactions.XamDialogWindow.IsActive"/> dependency property. 
            </summary>
        </member>
        <member name="F:Infragistics.Controls.Interactions.XamDialogWindow.IsModalProperty">
            <summary>
            Identifies the <see cref="P:Infragistics.Controls.Interactions.XamDialogWindow.IsModal"/> dependency property. 
            </summary>
        </member>
        <member name="F:Infragistics.Controls.Interactions.XamDialogWindow.ModalBackgroundProperty">
            <summary>
            Identifies the <see cref="P:Infragistics.Controls.Interactions.XamDialogWindow.ModalBackground"/> dependency property. 
            </summary>
        </member>
        <member name="F:Infragistics.Controls.Interactions.XamDialogWindow.ModalBackgroundEffectProperty">
            <summary>
            Identifies the <see cref="P:Infragistics.Controls.Interactions.XamDialogWindow.ModalBackgroundEffect"/> dependency property. 
            </summary>
        </member>
        <member name="F:Infragistics.Controls.Interactions.XamDialogWindow.ModalBackgroundOpacityProperty">
            <summary>
            Identifies the <see cref="P:Infragistics.Controls.Interactions.XamDialogWindow.ModalBackgroundOpacity"/> dependency property. 
            </summary>
        </member>
        <member name="F:Infragistics.Controls.Interactions.XamDialogWindow.IsMoveableProperty">
            <summary>
            Identifies the <see cref="P:Infragistics.Controls.Interactions.XamDialogWindow.IsMoveable"/> dependency property. 
            </summary>
        </member>
        <member name="F:Infragistics.Controls.Interactions.XamDialogWindow.IsResizableProperty">
            <summary>
            Identifies the <see cref="P:Infragistics.Controls.Interactions.XamDialogWindow.IsResizable"/> dependency property. 
            </summary>
        </member>
        <member name="F:Infragistics.Controls.Interactions.XamDialogWindow.LeftProperty">
            <summary>
            Identifies the <see cref="P:Infragistics.Controls.Interactions.XamDialogWindow.Left"/> dependency property. 
            </summary>
        </member>
        <member name="F:Infragistics.Controls.Interactions.XamDialogWindow.TopProperty">
            <summary>
            Identifies the <see cref="P:Infragistics.Controls.Interactions.XamDialogWindow.Top"/> dependency property. 
            </summary>
        </member>
        <member name="F:Infragistics.Controls.Interactions.XamDialogWindow.MinimizedHeaderTemplateProperty">
            <summary>
            Identifies the <see cref="P:Infragistics.Controls.Interactions.XamDialogWindow.MinimizedHeaderTemplate"/> dependency property. 
            </summary>
        </member>
        <member name="F:Infragistics.Controls.Interactions.XamDialogWindow.MinimizedHeightProperty">
            <summary>
            Identifies the <see cref="P:Infragistics.Controls.Interactions.XamDialogWindow.MinimizedHeight"/> dependency property. 
            </summary>
        </member>
        <member name="F:Infragistics.Controls.Interactions.XamDialogWindow.MinimizedPanelProperty">
            <summary>
            Identifies the <see cref="P:Infragistics.Controls.Interactions.XamDialogWindow.MinimizedPanel"/> dependency property. 
            </summary>
        </member>
        <member name="F:Infragistics.Controls.Interactions.XamDialogWindow.MinimizedWidthProperty">
            <summary>
            Identifies the <see cref="P:Infragistics.Controls.Interactions.XamDialogWindow.MinimizedWidth"/> dependency property. 
            </summary>
        </member>
        <member name="F:Infragistics.Controls.Interactions.XamDialogWindow.StartupPositionProperty">
            <summary>
            Identifies the <see cref="P:Infragistics.Controls.Interactions.XamDialogWindow.StartupPosition"/> dependency property. 
            </summary>
        </member>
        <member name="F:Infragistics.Controls.Interactions.XamDialogWindow.WindowStateProperty">
            <summary>
            Identifies the <see cref="P:Infragistics.Controls.Interactions.XamDialogWindow.WindowState"/> dependency property. 
            </summary>
        </member>
        <member name="F:Infragistics.Controls.Interactions.XamDialogWindow.HeaderProperty">
            <summary>
            Identifies the <see cref="P:Infragistics.Controls.Interactions.XamDialogWindow.Header"/> dependency property. 
            </summary>
        </member>
        <member name="F:Infragistics.Controls.Interactions.XamDialogWindow.HeaderTemplateProperty">
            <summary>
            Identifies the <see cref="P:Infragistics.Controls.Interactions.XamDialogWindow.HeaderTemplate"/> dependency property. 
            </summary>
        </member>
        <member name="F:Infragistics.Controls.Interactions.XamDialogWindow.HeaderBackgroundProperty">
            <summary>
            Identifies the <see cref="P:Infragistics.Controls.Interactions.XamDialogWindow.HeaderBackground"/> dependency property. 
            </summary>
        </member>
        <member name="F:Infragistics.Controls.Interactions.XamDialogWindow.HeaderForegroundProperty">
            <summary>
            Identifies the <see cref="P:Infragistics.Controls.Interactions.XamDialogWindow.HeaderForeground"/> dependency property. 
            </summary>
        </member>
        <member name="F:Infragistics.Controls.Interactions.XamDialogWindow.HeaderHorizontalContentAlignmentProperty">
            <summary>
            Identifies the <see cref="P:Infragistics.Controls.Interactions.XamDialogWindow.HeaderHorizontalContentAlignment"/> dependency property. 
            </summary>
        </member>
        <member name="F:Infragistics.Controls.Interactions.XamDialogWindow.HeaderVerticalContentAlignmentProperty">
            <summary>
            Identifies the <see cref="P:Infragistics.Controls.Interactions.XamDialogWindow.HeaderVerticalContentAlignment"/> dependency property. 
            </summary>
        </member>
        <member name="F:Infragistics.Controls.Interactions.XamDialogWindow.HeaderIconTemplateProperty">
            <summary>
            Identifies the <see cref="P:Infragistics.Controls.Interactions.XamDialogWindow.HeaderIconTemplate"/> dependency property. 
            </summary>
        </member>
        <member name="F:Infragistics.Controls.Interactions.XamDialogWindow.HeaderIconVisibilityProperty">
            <summary>
            Identifies the <see cref="P:Infragistics.Controls.Interactions.XamDialogWindow.HeaderIconVisibility"/> dependency property.
            </summary>
        </member>
        <member name="M:Infragistics.Controls.Interactions.XamDialogWindow.BringToFront">
            <summary>
            Brings the control to the front of the z-order.
            </summary>
        </member>
        <member name="M:Infragistics.Controls.Interactions.XamDialogWindow.CenterDialogWindow">
            <summary>
            Moves the <see cref="T:Infragistics.Controls.Interactions.XamDialogWindow"/> to the center of either the container.
            </summary>
        </member>
        <member name="M:Infragistics.Controls.Interactions.XamDialogWindow.Close">
            <summary>
            Sets the <see cref="P:Infragistics.Controls.Interactions.XamDialogWindow.WindowState"/> property to Hidden, causing the dialog window to no longer be visible.
            </summary>
        </member>
        <member name="M:Infragistics.Controls.Interactions.XamDialogWindow.Show">
            <summary>
            Sets the <see cref="P:Infragistics.Controls.Interactions.XamDialogWindow.WindowState"/> property to Normal, causing the dialog window to appear.
            </summary>
        </member>
        <member name="M:Infragistics.Controls.Interactions.XamDialogWindow.Maximize">
            <summary>
            Sets the <see cref="P:Infragistics.Controls.Interactions.XamDialogWindow.WindowState"/> property to Maximize, causing the dialog window to expand to it's maximum state.
            </summary>
        </member>
        <member name="M:Infragistics.Controls.Interactions.XamDialogWindow.Minimize">
            <summary>
            Sets the <see cref="P:Infragistics.Controls.Interactions.XamDialogWindow.WindowState"/> property to Minimized, causing the dialog window to collapse.
            </summary>
        </member>
        <member name="M:Infragistics.Controls.Interactions.XamDialogWindow.ShowCustomCursor(System.Windows.DataTemplate)">
            <summary>
            Shows the specified <see cref="T:System.Windows.DataTemplate"/> as a custom cursor. 
            </summary>
            <param name="cursorTemplate"></param>
            <returns>False if the custom cursor was not applied. </returns>
        </member>
        <member name="M:Infragistics.Controls.Interactions.XamDialogWindow.HideCustomCursor">
            <summary>
            Hides the Custom cursor. 
            </summary>
        </member>
        <member name="M:Infragistics.Controls.Interactions.XamDialogWindow.MoveDialogByOffset(System.Double,System.Double)">
            <summary>
            Updates the location of the <see cref="T:Infragistics.Controls.Interactions.XamDialogWindow"/>
            </summary>
            <param name="offsetX">The x offset to move the dialog by.</param>
            <param name="offsetY">The y offset to move the dialog by.</param>
        </member>
        <member name="M:Infragistics.Controls.Interactions.XamDialogWindow.EnsureVisualStates">
            <summary>
            Ensures that the <see cref="T:Infragistics.Controls.Interactions.XamDialogWindow"/> has the proper VisualStates applied.
            </summary>
        </member>
        <member name="M:Infragistics.Controls.Interactions.XamDialogWindow.GetParameter(Infragistics.Controls.CommandSource)">
            <summary>
            Returns the object that defines the parameters necessary to execute the command.
            </summary>
            <param name="source">The CommandSource object which defines the command to be executed.</param>
            <returns>The object necessary for the command to complete.</returns>
        </member>
        <member name="M:Infragistics.Controls.Interactions.XamDialogWindow.SupportsCommand(System.Windows.Input.ICommand)">
            <summary>
            Returns if the object will support a given command type.
            </summary>
            <param name="command">The command to be validated.</param>
            <returns>True if the object recognizes the command as actionable against it.</returns>
        </member>
        <member name="M:Infragistics.Controls.Interactions.XamDialogWindow.SetHeight(System.Double)">
            <summary>
            We should always use these method to set the height to ensure it's set properly
            </summary>
            <param name="height"></param>
        </member>
        <member name="M:Infragistics.Controls.Interactions.XamDialogWindow.SetWidth(System.Double)">
            <summary>
            We should always use these method to set the width to ensure it's set properly
            </summary>
            <param name="width"></param>
        </member>
        <member name="M:Infragistics.Controls.Interactions.XamDialogWindow.ResolveResizeDirection(System.Windows.Point)">
            <summary>
            Calculates a direction of resizing: it can be a Point with X=+1, X=-1. Y=+1 or Y = -1
            </summary>
            <param name="pos">position of teh point</param>
            <returns>Point with direction</returns>
        </member>
        <member name="M:Infragistics.Controls.Interactions.XamDialogWindow.OnContentChanged(System.Object,System.Object)">
            <summary>
            When the content changes, it's going to cause issues with the Centering Logic since it will be looking at the old values.
            We set a flag here so centering know that it should re-measure the dialog.
            </summary>
            <param name="oldContent"></param>
            <param name="newContent"></param>
        </member>
        <member name="M:Infragistics.Controls.Interactions.XamDialogWindow.OnHeaderDoubleClick(System.Windows.Input.MouseButtonEventArgs)">
            <summary>
            Called when is doubleclicked over header .
            </summary>
            <param name="e">The <see cref="T:System.Windows.Input.MouseButtonEventArgs"/> instance containing the event data.</param>
        </member>
        <member name="M:Infragistics.Controls.Interactions.XamDialogWindow.OnIsActiveChanged(System.Boolean,System.Boolean)">
            <summary>
            Called when IsActive property has changed.
            </summary>
        </member>
        <member name="M:Infragistics.Controls.Interactions.XamDialogWindow.OnMoving">
            <summary>
            Called when <see cref="T:Infragistics.Controls.Interactions.XamDialogWindow"/> is moving.
            </summary>
            <returns></returns>
        </member>
        <member name="M:Infragistics.Controls.Interactions.XamDialogWindow.OnMoved">
            <summary>
            Called when <see cref="T:Infragistics.Controls.Interactions.XamDialogWindow"/> is moved.
            </summary>
        </member>
        <member name="M:Infragistics.Controls.Interactions.XamDialogWindow.OnWindowStateChanging(Infragistics.Controls.Interactions.WindowState,Infragistics.Controls.Interactions.WindowState)">
            <summary>
            Called when <see cref="T:Infragistics.Controls.Interactions.XamDialogWindow"/> WindowState is changing.
            </summary>
            <param name="currentWindowState">Current state of the window.</param>
            <param name="newWindowState">New state of the window.</param>
            <returns>Cancel property value</returns>
        </member>
        <member name="M:Infragistics.Controls.Interactions.XamDialogWindow.OnWindowStateChanged(Infragistics.Controls.Interactions.WindowState,Infragistics.Controls.Interactions.WindowState)">
            <summary>
            Called when WindowState property changed.
            </summary>
            <param name="newWindowState">New state of the window.</param>
            <param name="previousWindowState">Previous state of the window.</param>
        </member>
        <member name="M:Infragistics.Controls.Interactions.XamDialogWindow.OnResizing">
            <summary>
            Called when <see cref="T:Infragistics.Controls.Interactions.XamDialogWindow"/> is resizing.
            </summary>
            <returns></returns>
        </member>
        <member name="M:Infragistics.Controls.Interactions.XamDialogWindow.OnResized">
            <summary>
            Called when <see cref="T:Infragistics.Controls.Interactions.XamDialogWindow"/> is resized.
            </summary>
            <returns></returns>
        </member>
        <member name="M:Infragistics.Controls.Interactions.XamDialogWindow.OnPropertyChanged(System.String)">
            <summary>
            Raises the PropertyChanged event.
            </summary>
            <param name="propertyName">The name of the property that has changed.</param>
        </member>
        <member name="M:Infragistics.Controls.Interactions.XamDialogWindow.FinishedLoadingPersistence">
            <summary>
            Allows an object to perform an operation, after it's been loaded.
            </summary>
        </member>
        <member name="P:Infragistics.Controls.Interactions.XamDialogWindow.CloseButtonVisibility">
            <summary>
            Gets/Sets whether the Close button is visible on the <see cref="T:Infragistics.Controls.Interactions.XamDialogWindow"/>
            </summary>
        </member>
        <member name="P:Infragistics.Controls.Interactions.XamDialogWindow.MaximizeButtonVisibility">
            <summary>
            Gets/Sets whether the Maximize button is visible on the <see cref="T:Infragistics.Controls.Interactions.XamDialogWindow"/>
            </summary>
        </member>
        <member name="P:Infragistics.Controls.Interactions.XamDialogWindow.MinimizeButtonVisibility">
            <summary>
            Gets/Sets whether the Minimize button is visible on the <see cref="T:Infragistics.Controls.Interactions.XamDialogWindow"/>
            </summary>
        </member>
        <member name="P:Infragistics.Controls.Interactions.XamDialogWindow.CustomCursors">
            <summary>
            Gets/Sets the <see cref="P:Infragistics.Controls.Interactions.XamDialogWindow.CustomCursors"/> object that contains the cursors that will be used for the <see cref="T:Infragistics.Controls.Interactions.XamDialogWindow"/>
            </summary>
        </member>
        <member name="P:Infragistics.Controls.Interactions.XamDialogWindow.IsActive">
            <summary>
            Gets or sets the IsActive property
            Property Is Active is true when the Instance of XamDialogWindow
            has got the focus and control goes to Active state,
            otherwise control is not in active state.        
            </summary>
        </member>
        <member name="P:Infragistics.Controls.Interactions.XamDialogWindow.IsModal">
            <summary>
            Gets or sets a value indicating whether this instance is modal.
            </summary>
        </member>
        <member name="P:Infragistics.Controls.Interactions.XamDialogWindow.ModalBackground">
            <summary>
            Gets/Sets the <see cref="T:System.Windows.Media.Brush"/> that is applied to the background of the nonclickable area behdind a Modal Dialog.
            </summary>
        </member>
        <member name="P:Infragistics.Controls.Interactions.XamDialogWindow.ModalBackgroundEffect">
            <summary>
            Gets/Sets the <see cref="T:System.Windows.Media.Effects.Effect"/> that is applied the nonclickable area behdind a Modal Dialog.
            </summary>
        </member>
        <member name="P:Infragistics.Controls.Interactions.XamDialogWindow.ModalBackgroundOpacity">
            <summary>
            Gets/Sets the Opacity that is applied the nonclickable area behdind a Modal Dialog.
            </summary>
        </member>
        <member name="P:Infragistics.Controls.Interactions.XamDialogWindow.IsMoveable">
            <summary>
            Gets or sets a value indicating whether XamDialogWindow instance is moveable.
            </summary>
        </member>
        <member name="P:Infragistics.Controls.Interactions.XamDialogWindow.IsResizable">
            <summary>
            Gets or sets the IsResizable property
            When the property is true , <see cref="T:Infragistics.Controls.Interactions.XamDialogWindow"/> instance can be 
            resized via drag it resize area (Border) 
            </summary>
        </member>
        <member name="P:Infragistics.Controls.Interactions.XamDialogWindow.KeyboardSettings">
            <summary>
            Gets/Sets the settings that pertain to moving the <see cref="T:Infragistics.Controls.Interactions.XamDialogWindow"/> via the Keyboard.
            </summary>
        </member>
        <member name="P:Infragistics.Controls.Interactions.XamDialogWindow.Left">
            <summary>
            Gets/Sets the X coordinate of the <see cref="T:Infragistics.Controls.Interactions.XamDialogWindow"/>.
            </summary>
        </member>
        <member name="P:Infragistics.Controls.Interactions.XamDialogWindow.Top">
            <summary>
            Gets/Sets the Y coordinate of the <see cref="T:Infragistics.Controls.Interactions.XamDialogWindow"/>.
            </summary>
        </member>
        <member name="P:Infragistics.Controls.Interactions.XamDialogWindow.MinimizedHeaderTemplate">
            <summary>
            Gets/Sets the <see cref="T:System.Windows.DataTemplate"/> of the <see cref="T:Infragistics.Controls.Interactions.XamDialogWindow"/>'s Header when the <see cref="P:Infragistics.Controls.Interactions.XamDialogWindow.WindowState"/> is set to <see cref="F:Infragistics.Controls.Interactions.WindowState.Minimized"/>.
            </summary>
        </member>
        <member name="P:Infragistics.Controls.Interactions.XamDialogWindow.MinimizedHeight">
            <summary>
            Gets/Sets the Height of the <see cref="T:Infragistics.Controls.Interactions.XamDialogWindow"/> when <see cref="P:Infragistics.Controls.Interactions.XamDialogWindow.WindowState"/> is set to <see cref="F:Infragistics.Controls.Interactions.WindowState.Minimized"/>.
            </summary>
        </member>
        <member name="P:Infragistics.Controls.Interactions.XamDialogWindow.MinimizedPanel">
            <summary>
            Gets or sets the MinimizedPanel property 
            MinimizedPanel is a Panel, used to arrange <see cref="T:Infragistics.Controls.Interactions.XamDialogWindow"/> 
            instances in minimized state
            </summary>
        </member>
        <member name="P:Infragistics.Controls.Interactions.XamDialogWindow.MinimizedWidth">
            <summary>
            Gets or sets the MinimizedWidth
            Minimized width specifies the width of the <see cref="T:Infragistics.Controls.Interactions.XamDialogWindow"/>
            in minimized state
            </summary>
        </member>
        <member name="P:Infragistics.Controls.Interactions.XamDialogWindow.StartupPosition">
            <summary>
            Gets or sets the StartUpPosition property that refelect to position of the XamDialogWindow instance in Show method
            When it is ManualRelativeToApplication - instance uses values from Left and Top properties, relative to Application,
            When it is ManualRelativeToContainer - instance uses values from Left and Top properties, relative to ContainerPanel /Parent,
            when it is CenterContainer - instance is centered on the Canvas, 
            when it is CenterApplication is centered on the RootVisual, 
            when it is Default - instance uses Left=0 and Top = 0 in Show method
            otherwise it is collapsed
            </summary>
        </member>
        <member name="P:Infragistics.Controls.Interactions.XamDialogWindow.WindowState">
            <summary>
            Gets/Sets whether the <see cref="T:Infragistics.Controls.Interactions.XamDialogWindow"/> is Maximized, Minimized, Hidden, or Normal.
            </summary>
        </member>
        <member name="P:Infragistics.Controls.Interactions.XamDialogWindow.Header">
            <summary>
            Gets/Sets the content that will be displayed in the Header of this <see cref="T:Infragistics.Controls.Interactions.XamDialogWindow"/>
            </summary>
        </member>
        <member name="P:Infragistics.Controls.Interactions.XamDialogWindow.HeaderTemplate">
            <summary>
            Gets/Sets the <see cref="T:System.Windows.DataTemplate"/> that will be applied to the Header of this <see cref="T:Infragistics.Controls.Interactions.XamDialogWindow"/>
            </summary>
        </member>
        <member name="P:Infragistics.Controls.Interactions.XamDialogWindow.HeaderBackground">
            <summary>
            Gets/Sets the <see cref="T:System.Windows.Media.Brush"/> that will be applied to the Header of the <see cref="T:Infragistics.Controls.Interactions.XamDialogWindow"/>
            </summary>
        </member>
        <member name="P:Infragistics.Controls.Interactions.XamDialogWindow.HeaderForeground">
            <summary>
            Gets/Sets the <see cref="T:System.Windows.Media.Brush"/> that will be applied to the Foreground of the Header of the <see cref="T:Infragistics.Controls.Interactions.XamDialogWindow"/>
            </summary>
        </member>
        <member name="P:Infragistics.Controls.Interactions.XamDialogWindow.HeaderHorizontalContentAlignment">
            <summary>
            Gets/Sets the <see cref="T:System.Windows.HorizontalAlignment"/> that will be applied to the content of the Header of the <see cref="T:Infragistics.Controls.Interactions.XamDialogWindow"/>
            </summary>
        </member>
        <member name="P:Infragistics.Controls.Interactions.XamDialogWindow.HeaderVerticalContentAlignment">
            <summary>
            Gets/Sets the <see cref="T:System.Windows.VerticalAlignment"/> that will be applied to the content of the Header of the <see cref="T:Infragistics.Controls.Interactions.XamDialogWindow"/>
            </summary>
        </member>
        <member name="P:Infragistics.Controls.Interactions.XamDialogWindow.HeaderIconTemplate">
            <summary>
            Gets or sets the HeaderIconTemplate property
            HeaderIconTemplate is used like a DataTemplate for the image, placed in 
            XamDialogWindow title bar (drag area)
            </summary>
        </member>
        <member name="P:Infragistics.Controls.Interactions.XamDialogWindow.HeaderIconVisibility">
            <summary>
            Gets or sets the HeaderIconVisibility property
            When property is Visible , Image is visible, otherwise Image is collapsed
            </summary>
        </member>
        <member name="P:Infragistics.Controls.Interactions.XamDialogWindow.RootElement">
            <summary>
            Gets the <see cref="T:Infragistics.Controls.Interactions.Primitives.DialogRootPanel"/> that is in the Template of the <see cref="T:Infragistics.Controls.Interactions.XamDialogWindow"/>
            </summary>
        </member>
        <member name="E:Infragistics.Controls.Interactions.XamDialogWindow.HeaderDoubleClick">
            <summary>
            Occurs as mouse is doubleclick over the <see cref="T:Infragistics.Controls.Interactions.XamDialogWindow"/>.
            </summary>
        </member>
        <member name="E:Infragistics.Controls.Interactions.XamDialogWindow.IsActiveChanged">
            <summary>
            Occurs when a <see cref="P:Infragistics.Controls.Interactions.XamDialogWindow.IsActive"/> property has changed.
            </summary>
        </member>
        <member name="E:Infragistics.Controls.Interactions.XamDialogWindow.Moving">
            <summary>
            Occurs when a <see cref="T:Infragistics.Controls.Interactions.XamDialogWindow"/> starting to move.
            </summary>
        </member>
        <member name="E:Infragistics.Controls.Interactions.XamDialogWindow.Moved">
            <summary>
            Occurs when a <see cref="T:Infragistics.Controls.Interactions.XamDialogWindow"/> has moved.
            </summary>
        </member>
        <member name="E:Infragistics.Controls.Interactions.XamDialogWindow.WindowStateChanging">
            <summary>
            Occurs before the <see cref="P:Infragistics.Controls.Interactions.XamDialogWindow.WindowState"/> of the <see cref="T:Infragistics.Controls.Interactions.XamDialogWindow"/> changes.
            </summary>
            <remarks>This event can be cancelled.</remarks>
        </member>
        <member name="E:Infragistics.Controls.Interactions.XamDialogWindow.WindowStateChanged">
            <summary>
            Occurs when a <see cref="P:Infragistics.Controls.Interactions.XamDialogWindow.WindowState"/> property has changed.
            </summary>
        </member>
        <member name="E:Infragistics.Controls.Interactions.XamDialogWindow.Resizing">
            <summary>
            Occurs when a <see cref="T:Infragistics.Controls.Interactions.XamDialogWindow"/> starting to resize.
            </summary>
        </member>
        <member name="E:Infragistics.Controls.Interactions.XamDialogWindow.Resized">
            <summary>
            Occurs when a <see cref="T:Infragistics.Controls.Interactions.XamDialogWindow"/> has resize.
            </summary>
        </member>
        <member name="E:Infragistics.Controls.Interactions.XamDialogWindow.PropertyChanged">
            <summary>
            Occurs when a property value changes.
            </summary>
        </member>
        <member name="P:Infragistics.Controls.Interactions.XamDialogWindow.PropertiesToIgnore">
            <summary>
            Gets a List of properties that shouldn't be saved when the PersistenceManager goes to save them.
            </summary>
        </member>
        <member name="P:Infragistics.Controls.Interactions.XamDialogWindow.PriorityProperties">
            <summary>
            Gets a List of properties that should be applied, before even trying to look at any other property on the object.
            </summary>
        </member>
        <member name="P:Infragistics.Controls.Interactions.XamDialogWindow.DialogManager.Manager">
            <summary>
            A global Manager that manages all <see cref="T:Infragistics.Controls.Interactions.XamDialogWindow"/> objects for an application.
            </summary>
        </member>
        <member name="T:Infragistics.Controls.Interactions.Primitives.DialogRootPanel">
            <summary>
            A panel that should used as the Root Element of the <see cref="T:Infragistics.Controls.Interactions.XamDialogWindow"/>
            </summary>
        </member>
        <member name="M:Infragistics.Controls.Interactions.Primitives.DialogRootPanel.#ctor">
            <summary>
            Creates a new instance of the <see cref="T:Infragistics.Controls.Interactions.Primitives.DialogRootPanel"/>
            </summary>
        </member>
        <member name="M:Infragistics.Controls.Interactions.Primitives.DialogRootPanel.GetParameter(Infragistics.Controls.CommandSource)">
            <summary>
            Returns the object that defines the parameters necessary to execute the command.
            </summary>
            <param name="source">The CommandSource object which defines the command to be executed.</param>
            <returns>The object necessary for the command to complete.</returns>
        </member>
        <member name="M:Infragistics.Controls.Interactions.Primitives.DialogRootPanel.SupportsCommand(System.Windows.Input.ICommand)">
            <summary>
            Returns if the object will support a given command type.
            </summary>
            <param name="command">The command to be validated.</param>
            <returns>True if the object recognizes the command as actionable against it.</returns>
        </member>
        <member name="P:Infragistics.Controls.Interactions.Primitives.DialogRootPanel.DialogWindow">
            <summary>
            Gets the <see cref="T:Infragistics.Controls.Interactions.XamDialogWindow"/> that owns this panel.
            </summary>
        </member>
        <member name="T:Infragistics.Controls.Interactions.StartupPosition">
            <summary>
            An Enum that describes startup position for a XamDialogWindow. 
            </summary>
        </member>
        <member name="F:Infragistics.Controls.Interactions.StartupPosition.Manual">
            <summary>
            Startup position with values for Top and Left properties, relative to the container 
            </summary>
        </member>
        <member name="F:Infragistics.Controls.Interactions.StartupPosition.Center">
            <summary>
            Startup position in the center of the container.
            </summary>
        </member>
        <member name="T:Infragistics.Controls.Interactions.WindowState">
            <summary>
            An Enum that describes the state of the XamDialogWindow. 
            </summary>
        </member>
        <member name="F:Infragistics.Controls.Interactions.WindowState.Normal">
            <summary>
            XamDialogWindow is in normal state: IsMinimized=false, IsMaximized=false
            </summary>
        </member>
        <member name="F:Infragistics.Controls.Interactions.WindowState.Minimized">
            <summary>
            XamDialogWindow is minimized
            </summary>
        </member>
        <member name="F:Infragistics.Controls.Interactions.WindowState.Maximized">
            <summary>
            XamDialogWindow is maximized
            </summary>
        </member>
        <member name="F:Infragistics.Controls.Interactions.WindowState.Hidden">
            <summary>
            XamDialogWindow is hidden
            </summary>
        </member>
        <member name="T:Infragistics.Controls.Interactions.XamDialogWindowCommand">
            <summary>
            An enumeration of available commands for the <see cref="T:Infragistics.Controls.Interactions.XamDialogWindow"/> object.
            </summary>
        </member>
        <member name="F:Infragistics.Controls.Interactions.XamDialogWindowCommand.Maximize">
            <summary>
            Maximizes the <see cref="T:Infragistics.Controls.Interactions.XamDialogWindow"/> object.
            </summary>
        </member>
        <member name="F:Infragistics.Controls.Interactions.XamDialogWindowCommand.Minimize">
            <summary>
            Minimizes the <see cref="T:Infragistics.Controls.Interactions.XamDialogWindow"/> object.
            </summary>
        </member>
        <member name="F:Infragistics.Controls.Interactions.XamDialogWindowCommand.ToggleMinimize">
            <summary>
            Toggles between the minimized and normal window state. 
            </summary>
        </member>
        <member name="F:Infragistics.Controls.Interactions.XamDialogWindowCommand.ToggleMaximize">
            <summary>
            Toggles between the maximized and normal window state
            </summary>
        </member>
        <member name="F:Infragistics.Controls.Interactions.XamDialogWindowCommand.Restore">
            <summary>
            Puts the <see cref="T:Infragistics.Controls.Interactions.XamDialogWindow"/> into the normal window state. 
            </summary>
        </member>
        <member name="F:Infragistics.Controls.Interactions.XamDialogWindowCommand.Close">
            <summary>
            Closes the <see cref="T:Infragistics.Controls.Interactions.XamDialogWindow"/> object.
            </summary>
        </member>
        <member name="T:Infragistics.Controls.Interactions.MovedEventArgs">
            <summary>
            A class listing the information needed during the <see cref="E:Infragistics.Controls.Interactions.XamDialogWindow.Moved"/> event.
            </summary>
        </member>
        <member name="P:Infragistics.Controls.Interactions.MovedEventArgs.Left">
            <summary>
            Gets or sets the Left coordinate property
            </summary>
        </member>
        <member name="P:Infragistics.Controls.Interactions.MovedEventArgs.Top">
            <summary>
            Gets or sets the Top coordinate property
            </summary>
        </member>
        <member name="T:Infragistics.Controls.Interactions.MovingEventArgs">
            <summary>
            A class listing the information needed during the <see cref="E:Infragistics.Controls.Interactions.XamDialogWindow.Moving"/> event.
            </summary>
            <remarks>This event can be cancelled</remarks>
        </member>
        <member name="P:Infragistics.Controls.Interactions.MovingEventArgs.Left">
            <summary>
            Gets or sets the Left coordinate property
            </summary>
        </member>
        <member name="P:Infragistics.Controls.Interactions.MovingEventArgs.Top">
            <summary>
            Gets or sets the Top coordinate property
            </summary>
        </member>
        <member name="T:Infragistics.Controls.Interactions.WindowStateChangingEventArgs">
            <summary>
            A class listing the information needed during the <see cref="E:Infragistics.Controls.Interactions.XamDialogWindow.WindowStateChanging"/> event.
            </summary>
            <remarks>This event can be cancelled</remarks>
        </member>
        <member name="M:Infragistics.Controls.Interactions.WindowStateChangingEventArgs.#ctor(Infragistics.Controls.Interactions.WindowState,Infragistics.Controls.Interactions.WindowState)">
            <summary>
            Initializes a new instance of the <see cref="T:Infragistics.Controls.Interactions.WindowStateChangingEventArgs"/> class.
            </summary>
            <param name="currentWindowState">Current state of the window.</param>
            <param name="newWindowState">New state of the window.</param>
        </member>
        <member name="P:Infragistics.Controls.Interactions.WindowStateChangingEventArgs.NewWindowState">
            <summary>
            Gets/Sets the new <see cref="T:Infragistics.Controls.Interactions.WindowState"/> of the window.
            </summary>
        </member>
        <member name="P:Infragistics.Controls.Interactions.WindowStateChangingEventArgs.CurrentWindowState">
            <summary>
            Gets/Sets the current <see cref="T:Infragistics.Controls.Interactions.WindowState"/> of the window.
            </summary>
        </member>
        <member name="T:Infragistics.Controls.Interactions.WindowStateChangedEventArgs">
            <summary>
            A class listing the information needed during the <see cref="E:Infragistics.Controls.Interactions.XamDialogWindow.WindowStateChanged"/> event.
            </summary>
        </member>
        <member name="M:Infragistics.Controls.Interactions.WindowStateChangedEventArgs.#ctor(Infragistics.Controls.Interactions.WindowState,Infragistics.Controls.Interactions.WindowState)">
            <summary>
            Initializes a new instance of the <see cref="T:Infragistics.Controls.Interactions.WindowStateChangedEventArgs"/> class.
            </summary>
            <param name="newWindowState">New state of the window.</param>
            <param name="previousWindowState">Previous state of the window.</param>
        </member>
        <member name="P:Infragistics.Controls.Interactions.WindowStateChangedEventArgs.PreviousWindowState">
            <summary>
            Gets/Sets the previous <see cref="T:Infragistics.Controls.Interactions.WindowState"/> of the window.
            </summary>
        </member>
        <member name="P:Infragistics.Controls.Interactions.WindowStateChangedEventArgs.NewWindowState">
            <summary>
            Gets/Sets the new <see cref="T:Infragistics.Controls.Interactions.WindowState"/> of the window.
            </summary>
        </member>
        <member name="T:Infragistics.Controls.Interactions.WindowResizingEventArgs">
            <summary>
            A class listing the information needed when the <see cref="T:Infragistics.Controls.Interactions.XamDialogWindow"/> is about to resize.
            </summary>
        </member>
        <member name="P:Infragistics.Controls.Interactions.WindowResizingEventArgs.ResizeDirection">
            <summary>
            Defines a direction of resizing: it can be a Point with X=+1, X=-1. Y=+1 or Y = -1
            </summary>
        </member>
        <member name="T:Infragistics.Controls.Interactions.KeyboardSettings">
            <summary>
            KeyboardSettings class contains members, related with keyboard navigation
            </summary>
        </member>
        <member name="F:Infragistics.Controls.Interactions.KeyboardSettings.HorizontalStepProperty">
            <summary>
            Identifies the <see cref="P:Infragistics.Controls.Interactions.KeyboardSettings.HorizontalStep"/> dependency property. 
            </summary>
        </member>
        <member name="F:Infragistics.Controls.Interactions.KeyboardSettings.AllowKeyboardNavigationProperty">
            <summary>
            Identifies the <see cref="P:Infragistics.Controls.Interactions.KeyboardSettings.AllowKeyboardNavigation"/> dependency property. 
            </summary>
        </member>
        <member name="F:Infragistics.Controls.Interactions.KeyboardSettings.VerticalStepProperty">
            <summary>
            Identifies the <see cref="P:Infragistics.Controls.Interactions.KeyboardSettings.VerticalStep"/> dependency property. 
            </summary>
        </member>
        <member name="P:Infragistics.Controls.Interactions.KeyboardSettings.HorizontalStep">
            <summary>
            Gets/Sets how many pixels will be moved horizontally when the Left or Right arrow key is pressed while the <see cref="T:Infragistics.Controls.Interactions.XamDialogWindow"/> is active.
            </summary>
        </member>
        <member name="P:Infragistics.Controls.Interactions.KeyboardSettings.AllowKeyboardNavigation">
            <summary>
            Gets or sets a value indicating whether this instance is key movable.
            </summary>
            <value>
                <c>true</c> if this instance is key movable; otherwise, <c>false</c>.
            </value>
        </member>
        <member name="P:Infragistics.Controls.Interactions.KeyboardSettings.VerticalStep">
            <summary>
            Gets/Sets how many pixels will be moved vertically when the Up or Down arrow key is pressed while the <see cref="T:Infragistics.Controls.Interactions.XamDialogWindow"/> is active.
            </summary>
        </member>
        <member name="T:Infragistics.Controls.Properties.Resources">
            <summary>
              A strongly-typed resource class, for looking up localized strings, etc.
            </summary>
        </member>
        <member name="P:Infragistics.Controls.Properties.Resources.ResourceManager">
            <summary>
              Returns the cached ResourceManager instance used by this class.
            </summary>
        </member>
        <member name="P:Infragistics.Controls.Properties.Resources.Culture">
            <summary>
              Overrides the current thread's CurrentUICulture property for all
              resource lookups using this strongly typed resource class.
            </summary>
        </member>
        <member name="T:Infragistics.Controls.Interactions.Primitives.CloseCommand">
            <summary>
            A <see cref="T:Infragistics.CommandBase"/> object that will be closed.
            </summary>
        </member>
        <member name="T:Infragistics.Controls.Interactions.Primitives.XamDialogWindowCommandBase">
            <summary>
            Base class for all commands that deal with a <see cref="T:Infragistics.Controls.Interactions.XamDialogWindow"/>.
            </summary>
        </member>
        <member name="M:Infragistics.Controls.Interactions.Primitives.XamDialogWindowCommandBase.CanExecute(System.Object)">
            <summary>
            Reports if the command can be executed on the object inputted.
            </summary>
            <param name="parameter">The object that the command will be executed against.</param>
            <returns>True if the object can support this command.</returns>
        </member>
        <member name="M:Infragistics.Controls.Interactions.Primitives.XamDialogWindowCommandBase.Execute(System.Object)">
            <summary>
            Executes the command 
            </summary>
            <param name="parameter">The <see cref="T:Infragistics.Controls.Interactions.XamDialogWindow"/> object that will be executed against.</param>
        </member>
        <member name="M:Infragistics.Controls.Interactions.Primitives.XamDialogWindowCommandBase.ExecuteCommand(Infragistics.Controls.Interactions.XamDialogWindow)">
            <summary>
            Executes the specific command on the specified <see cref="T:Infragistics.Controls.Interactions.XamDialogWindow"/>
            </summary>
            <param name="win">The window for which the command will be executed.</param>
        </member>
        <member name="M:Infragistics.Controls.Interactions.Primitives.CloseCommand.ExecuteCommand(Infragistics.Controls.Interactions.XamDialogWindow)">
            <summary>
            Applies closing a XamDialogWindow.
            </summary>
            <param name="win">A <see cref="T:Infragistics.Controls.Interactions.XamDialogWindow"/> object that will be closed.</param>
        </member>
        <member name="T:Infragistics.Controls.Interactions.Primitives.MaximizeCommand">
            <summary>
            A <see cref="T:Infragistics.CommandBase"/> object that will be maximized.
            </summary>
        </member>
        <member name="M:Infragistics.Controls.Interactions.Primitives.MaximizeCommand.ExecuteCommand(Infragistics.Controls.Interactions.XamDialogWindow)">
            <summary>
            Applies maximizing a XamDialogWindow.
            </summary>
            <param name="win">A <see cref="T:Infragistics.Controls.Interactions.XamDialogWindow"/> object that will be maximized.</param>
        </member>
        <member name="T:Infragistics.Controls.Interactions.Primitives.MinimizeCommand">
            <summary>
            A <see cref="T:Infragistics.CommandBase"/> object that will be minimized.
            </summary>
        </member>
        <member name="M:Infragistics.Controls.Interactions.Primitives.MinimizeCommand.ExecuteCommand(Infragistics.Controls.Interactions.XamDialogWindow)">
            <summary>
            Applies minimizing a XamDialogWindow.
            </summary>
            <param name="win">A <see cref="T:Infragistics.Controls.Interactions.XamDialogWindow"/> object that will be minimized.</param>
        </member>
        <member name="T:Infragistics.Controls.Interactions.Primitives.RestoreCommand">
            <summary>
            A <see cref="T:Infragistics.CommandBase"/> for setting a <see cref="T:Infragistics.Controls.Interactions.XamDialogWindow"/>'s WindowState to normal.
            </summary>
        </member>
        <member name="M:Infragistics.Controls.Interactions.Primitives.RestoreCommand.ExecuteCommand(Infragistics.Controls.Interactions.XamDialogWindow)">
            <summary>
            Executes the commmand.
            </summary>
            <param name="win"></param>
        </member>
        <member name="T:Infragistics.Controls.Interactions.Primitives.ToggleMaximizeCommand">
            <summary>
            A <see cref="T:Infragistics.CommandBase"/> for toggling between the Normal and Maximized states.
            </summary>
        </member>
        <member name="M:Infragistics.Controls.Interactions.Primitives.ToggleMaximizeCommand.ExecuteCommand(Infragistics.Controls.Interactions.XamDialogWindow)">
            <summary>
            Executes the commmand.
            </summary>
            <param name="win"></param>
        </member>
        <member name="T:Infragistics.Controls.Interactions.Primitives.ToggleMinimizeCommand">
            <summary>
            A <see cref="T:Infragistics.CommandBase"/> for toggling between the Normal and Minimized states.
            </summary>
        </member>
        <member name="M:Infragistics.Controls.Interactions.Primitives.ToggleMinimizeCommand.ExecuteCommand(Infragistics.Controls.Interactions.XamDialogWindow)">
            <summary>
            Executes the commmand.
            </summary>
            <param name="win"></param>
        </member>
        <member name="T:Infragistics.Controls.Interactions.XamDialogWindowCommandSource">
            <summary>
            The command source object for <see cref="T:Infragistics.Controls.Interactions.XamDialogWindow"/> object.
            </summary>
        </member>
        <member name="M:Infragistics.Controls.Interactions.XamDialogWindowCommandSource.ResolveCommand">
            <summary>
            Generates the <see cref="T:System.Windows.Input.ICommand"/> object that will execute the command.
            </summary>
            <returns></returns>
        </member>
        <member name="P:Infragistics.Controls.Interactions.XamDialogWindowCommandSource.CommandType">
            <summary>
            Gets or sets the XamDialogWindowCommand which is to be executed by the command.
            </summary>
        </member>
    </members>
</doc>
